Patient_ID,NPHP3,SAMD13,STC1,THEM6,TNFRSF12A,ASNS,FAM89A,ACAT1,HPGD,SLC7A8,TRIB3,APPL2,LRRC75B,BAMBI,FGFR3,DMXL2,CCL20,SERPINE2,CDK10,SON,FCGBP,IQGAP2,LUC7L3,BCKDHB,LYAR,NAAA,SKAP2,BHLHE40,IGFBP5,SNX14,HOMER1,PAPLN
TCGA-A6-2672-01,-0.1575,-1.1683,0.2718,1.1809,-0.191,-0.786,-0.2876,-0.1413,-0.4289,-1.3875,-0.2781,-1.346,-0.8921,-0.0144,-2.1799,0.7347,-0.5449,-1.4083,-0.0779,0.463,-0.955,0.2649,1.4119,0.3134,-1.1155,-1.2971,-1.2854,1.2198,0.3767,-0.263,0.9296,0.2312
TCGA-A6-2674-01,1.5836,-1.9146,2.155,0.0627,0.1707,0.4543,1.0904,-1.5609,0.6989,0.3257,0.5467,-0.6481,-0.813,0.7179,-0.0892,0.142,-0.6326,0.3623,0.7861,-0.3568,0.4547,-1.7341,-0.9183,-0.9073,-1.197,0.1897,0.9737,1.1794,1.5831,-0.1971,1.0617,1.0396
TCGA-A6-2676-01,-1.2059,-0.8778,0.8978,0.0802,0.4223,0.5379,0.0691,0.4928,3.6164,-1.5033,1.4889,-1.9472,-1.9062,0.4501,-0.1724,1.5277,-2.4183,-2.094,-1.6627,0.0199,-1.4322,0.5627,0.5528,0.2082,0.1171,-0.4322,0.607,0.4575,-0.3178,3.2885,0.8164,-1.1756
TCGA-A6-2677-01,-0.4916,1.0345,-1.5613,-2.2556,0.0051,0.1022,0.4671,-0.3806,0.2428,-0.0189,0.2359,0.3183,-0.4821,-0.1938,0.8441,-3.1698,-0.7405,-0.4384,0.4906,-0.1855,-1.6912,0.2887,1.5172,1.2014,0.845,1.4144,-2.499,-0.9589,-1.415,-0.7896,0.6763,-0.5388
TCGA-A6-2678-01,-1.5975,1.0854,-0.0029,0.7988,-0.4767,-0.9361,0.1894,1.7043,-0.7128,0.2605,0.7577,-0.7086,-1.9461,-0.7328,-0.8221,-0.176,-0.1937,-0.9424,-1.738,-0.6264,-0.0249,0.0712,0.4434,-0.984,-0.1359,1.2702,0.0287,-0.914,0.1631,-2.9567,0.0958,0.1737
TCGA-A6-2683-01,0.8617,0.7068,-0.6324,-1.2638,-0.0379,1.2902,2.177,-0.7424,-0.9014,-1.5191,0.5537,-4.833,-2.9127,0.1861,-0.25,0.5956,-0.2698,-0.6607,-0.4731,-2.4497,-0.7578,-0.2888,-0.1761,-1.2007,-0.1886,-0.6161,0.9713,-2.078,-1.5306,-0.9741,-1.1764,-1.3597
TCGA-A6-3807-01,-0.9425,-0.5207,-0.3657,0.9966,0.6878,-0.3583,0.5122,0.6344,0.8673,1.224,-0.2046,-1.0235,-0.2698,-0.1104,-0.7772,-1.2231,-0.2321,0.2154,-0.0569,-0.4417,-1.0979,-0.9909,0.8834,0.0105,1.1693,-0.8886,1.8692,1.4872,0.2132,0.8684,0.5145,-0.5929
TCGA-A6-3808-01,0.1623,0.655,1.1436,-0.4832,0.6179,-0.339,0.3632,0.7856,0.0526,0.9598,-0.5196,-0.741,-0.7205,0.5711,-0.3761,-0.7425,-0.2505,0.6899,-0.9661,-0.0809,0.7247,-0.3325,-1.1058,0.5796,-0.2397,-0.8872,0.5436,0.5194,1.2281,0.9491,0.4419,0.5992
TCGA-A6-3809-01,-1.0358,-2.3359,0.0387,0.2515,0.8792,-1.215,1.382,0.0099,1.1038,0.2241,-0.0252,-0.6637,-0.9557,-0.8086,-0.468,0.3726,0.2799,-1.5684,0.5455,0.6945,-0.6637,-0.3342,-1.262,-1.4533,2.1542,-0.7928,-1.6836,0.4414,-0.6825,-0.9626,0.9166,0.4565
TCGA-A6-3810-01,2.0785,-0.087,2.2511,-0.2954,-0.1976,-0.2705,1.2972,-1.9194,0.0188,-0.1623,1.1261,-0.5595,-0.4046,-0.1797,-0.1747,-1.5417,0.0088,0.4704,0.0149,0.1948,-2.8548,-1.1463,-0.461,-0.3993,-0.6857,0.9104,1.8461,0.363,1.6032,3.1452,-0.9536,0.2308
TCGA-AA-3514-01,0.4075,0.4877,-0.3807,-2.2656,4.3423,-2.2428,-1.1341,-1.7073,-1.5699,-2.81,-3.6711,-1.7719,-2.2248,-1.6484,-2.6432,1.9403,-2.1025,-0.542,-1.0965,-3.1959,-3.0814,-2.6392,-0.6978,-1.6657,-2.4463,0.1193,1.5397,1.8578,-0.1481,-1.0368,0.008,0.3606
TCGA-AA-3516-01,-2.5252,-0.2764,-0.1529,0.8218,0.308,-0.4975,0.5032,0.6986,3.8083,-1.2571,-1.2413,-1.1496,-3.0649,0.3151,-1.4054,-0.8178,-1.4521,0.0449,-1.4404,-0.6278,1.02,0.279,-0.7843,-0.5741,-0.0171,-0.2152,-0.7963,0.3221,0.8029,1.2614,1.7918,-1.0033
TCGA-AA-3517-01,1.3192,-1.9305,0.4247,-0.6385,-1.2772,0.3636,1.7016,0.1942,-0.71,-0.395,-1.1198,-0.1068,1.2424,0.3053,0.3886,0.3515,1.8122,-0.1415,-0.1181,-0.9113,0.4241,-0.9432,3.1139,-1.6318,-1.1836,0.0608,-0.8858,1.3505,0.1333,-0.7813,0.2279,0.5017
TCGA-AA-3518-01,0.6138,-1.5013,0.6244,1.1025,-1.2145,-0.8466,0.1512,2.1926,-0.64,-2.0346,-0.3837,-0.7055,-0.0448,0.4143,-0.2736,1.0568,0.6735,-0.5529,0.3466,-0.4307,0.3983,1.0892,1.4218,-0.7501,-0.3901,-1.5135,-0.7896,-0.1769,-0.9584,0.4522,0.4194,-0.5633
TCGA-AA-3519-01,-0.7418,-2.0885,0.8514,-1.0185,0.3316,1.0723,-1.936,-3.0175,-1.3469,-2.572,-0.6887,-2.0714,-0.613,0.5145,0.9015,-2.1714,1.2903,-0.897,0.0344,-1.3234,-0.1989,-1.0117,-1.3784,-2.2239,-0.0207,-1.9381,-1.6939,-0.3443,0.4074,-2.3371,-0.4021,-0.6168
TCGA-AA-3520-01,-1.2251,0.3606,0.9018,1.5614,-0.0942,-0.0671,0.2578,-0.279,-0.0047,0.1859,1.6121,-0.323,-1.3542,-0.2156,-0.9533,-0.999,-0.53,-0.3104,0.4626,-0.9497,0.4977,0.2213,-0.7138,0.35,0.5705,0.2352,-0.1128,-1.4841,1.5265,0.5099,0.2003,0.4993
TCGA-AA-3521-01,-0.5777,-0.9432,-0.4895,0.6245,-1.0869,0.2085,1.4784,-0.5051,-0.5037,-0.5277,0.5036,1.0363,-1.0471,-1.3946,0.3451,-0.8109,-0.2988,0.8973,2.275,-0.3804,0.4063,-0.3504,0.6037,-1.323,-0.9756,-0.1971,-0.0119,-0.1851,-0.0265,-1.2329,-0.9739,-0.9193
TCGA-AA-3522-01,-0.5602,0.8187,-1.8833,-0.3523,-0.8384,-0.3986,0.6097,-0.866,0.2821,0.0767,-0.1741,0.9045,-0.6588,-0.4825,-0.5819,-0.8637,0.8143,-0.1517,-0.5439,-1.9775,0.9997,0.6658,-1.0405,0.8004,-2.5278,0.4484,0.3232,-0.3883,-0.7704,1.1609,-1,0.1428
TCGA-AA-3524-01,-2.2525,1.3647,0.0455,1.7862,0.2068,0.1443,0.6245,0.041,1.58,0.0575,-0.2805,-1.0257,-0.0255,-1.3976,-0.7657,-1.5893,1.0186,-0.5443,-0.8876,-2.1454,-0.9009,-0.8659,-1.3156,1.4825,1.1373,0.6069,-1.962,1.456,-0.5581,-0.9544,-1.4492,-0.9167
TCGA-AA-3525-01,-0.88,0.2213,-0.2138,-1.0495,-0.6847,0.4307,0.7263,1.6498,1.728,-1.3795,0.3273,1.0187,-1.3894,-0.0503,0.2551,0.9581,-0.0791,-0.3333,0.1708,-0.3412,0.8805,1.7832,-1.248,0.5794,-0.7258,1.6242,0.2995,-1.3286,-0.1888,1.5284,-0.0806,-0.6976
TCGA-AA-3526-01,2.0263,0.3282,0.3813,0.9382,-0.9915,0.2935,1.8749,-1.8556,-0.2808,-0.9768,-0.9465,1.0951,1.0317,0.6292,0.1019,1.2374,0.0785,0.0047,0.8629,1.5135,1.0341,0.4221,2.1978,-1.5427,-0.8296,0.4142,0.7845,-0.1503,0.0174,-2.5077,-0.4209,-0.1045
TCGA-AA-3527-01,-0.524,-0.3647,-1.0958,3.1995,0.8917,-0.0974,0.7146,-1.0386,-0.5852,-1.2359,1.41,0.1645,0.4964,-0.6097,0.5731,0.1993,0.5029,-0.7106,-0.3015,-1.514,-2.4359,-0.887,0.6971,-2.1233,0.0798,0.062,-1.0714,-1.8331,-0.9172,-2.5925,0.4579,0.4929
TCGA-AA-3529-01,-0.8784,0.8787,-1.0167,0.4887,0.2745,1.7576,0.9102,0.7978,1.4271,0.8892,1.709,0.9516,0.5324,2.667,2.6749,0.7171,-0.556,0.2565,0.3209,-0.4473,0.8243,-0.8448,-0.0002,0.3322,0.2635,1.8211,-0.5367,-1.6717,-0.2296,-1.0384,1.0639,1.5369
TCGA-AA-3530-01,1.9133,0.1181,-1.6027,-0.0197,-0.3369,0.8554,1.4381,1.2919,-1.0642,-0.3722,2.0577,0.2154,0.1817,-0.6347,0.1978,-0.6807,0.599,0.7816,0.4043,-0.8702,-0.0872,-0.2747,1.0845,0.2908,0.7055,0.6829,-0.8062,-1.0571,-0.9735,-0.9395,-0.4071,0.1102
TCGA-AA-3531-01,1.8206,0.8462,-0.1288,-1.3132,-0.9743,0.6285,-1.1389,1.9484,-1.2969,-2.6752,0.3324,0.0983,1.021,-1.0935,0.4364,-1.5345,-0.3252,-2.0508,-0.657,-1.6413,-0.4368,-0.6973,0.9592,2.0394,-0.7019,0.7969,-0.2625,-1.3969,-0.8253,0.1787,-0.1981,-1.3551
TCGA-AA-3532-01,-0.8087,0.7519,0.0467,1.2713,1.2819,-1.2985,-3.4122,2.2655,0.069,1.0315,1.0448,-1.7136,-2.6075,-1.0069,0.1036,-2.1624,-1.0778,-0.732,0.8881,-0.5799,0.4199,-0.9016,-0.1372,-0.2744,1.7415,-1.5527,0.6714,-0.7397,0.8716,1.8284,-0.3295,1.282
TCGA-AA-3534-01,-0.3095,0.2701,0.5785,1.5155,-0.8722,-0.7701,-0.2452,-2.5205,0.4186,2.0317,-0.524,0.6973,1.0044,2.1948,2.6698,-1.6418,1.0545,0.0182,-0.5221,0.4283,0.0162,-2.4846,0.7322,1.7865,-0.4254,-0.6257,0.0811,-0.1186,0.3829,0.8033,-0.7961,3.2686
TCGA-AA-3538-01,-0.3984,0.4907,-0.4583,0.7933,1.0414,1.4606,-0.108,0.3742,0.5313,1.7239,-0.0299,0.0713,1.7627,1.7558,2.8181,-0.2464,-0.4133,0.6421,-0.5888,-0.7515,0.1402,-1.1314,-1.0761,1.3398,2.4977,1.9609,0.0232,-0.4883,0.203,0.6467,-0.0631,0.6121
TCGA-AA-3542-01,-1.4884,2.647,-0.3691,1.7282,0.3316,-0.15,1.701,0.4364,1.5001,1.6839,0.0275,0.349,-0.7664,-0.2273,0.2924,-1.445,-1.5208,-0.3997,0.0567,-2.5194,-1.41,-0.2006,-1.6739,1.0582,0.4147,-0.3751,0.3278,-2.4161,-0.4294,0.3797,0.5689,1.651
TCGA-AA-3543-01,-0.6139,-0.5924,-1.0869,1.4411,-0.6315,-1.3771,-0.0525,-0.6534,1.1481,-0.5219,-0.2725,1.117,0.6158,-0.2466,0.2037,1.3634,0.1524,-0.8614,0.5259,0.9752,0.3046,1.4725,-0.0739,-0.8763,-0.146,0.9747,0.6518,0.1208,-0.6069,0.3517,-0.2475,-0.6906
TCGA-AA-3544-01,1.7954,-0.5736,-1.6008,0.1935,-0.8523,1.1597,-1.9535,0.5352,-1.4265,-0.5277,1.7701,0.7252,-1.9809,-0.0778,-0.5492,-0.6786,0.1449,-0.2401,1.4816,0.4314,-0.2437,0.7001,0.3069,0.4086,-2.8894,-0.4047,-0.6922,-1.0259,-1.809,0.603,0.1125,-1.999
TCGA-AA-3548-01,0.4706,0.4542,-1.4707,2.2786,0.1663,0.0782,0.1523,-0.3636,-1.3565,-0.8117,0.4781,0.986,0.0742,0.4519,1.8221,-0.3904,-0.2092,-0.0009,0.351,0.4101,-0.6845,0.6793,-0.7658,1.4351,-0.6476,-0.5446,0.4378,-0.0852,0.0928,0.1251,-1.188,0.9096
TCGA-AA-3549-01,0.5002,-1.1469,1.8083,0.0053,-0.8167,-2.5288,-0.3216,-1.5483,-1.2718,0.2847,-0.6453,0.9911,0.7834,0.5831,-1.3849,-2.3444,1.0707,-0.0396,-2.1538,-0.2564,-0.3056,-0.0289,-0.1829,-0.5435,-1.2084,-0.7237,-0.5262,1.3234,2.4643,0.9434,-2.4079,-1.0656
TCGA-AA-3552-01,1.1969,0.4949,-0.2625,0.4437,0.7682,-0.9624,1.4646,1.1158,0.1829,1.5673,0.1198,0.913,-0.4307,-0.2197,0.5088,-0.7104,0.3134,-2.1808,0.2172,0.3124,0.4262,0.1501,0.0128,1.1731,-2.2237,1.6459,0.36,-0.5374,-1.0051,0.6327,-0.7373,-0.6512
TCGA-AA-3553-01,-1.247,-0.0268,-0.0864,3.3923,2.5646,1.053,-0.2209,1.1188,1.8834,2.4263,1.2198,-1.5738,0.1623,1.2881,1.5652,-3.1601,0.0466,0.2795,2.1845,-0.7672,-0.7949,-1.9654,-0.0623,0.9834,1.5849,-0.6249,-0.5688,-1.0112,0.2268,-0.0076,0.0776,1.5638
TCGA-AA-3554-01,-0.0599,-1.6314,0.6247,-1.0685,1.0928,-1.3019,-0.7557,0.4209,0.693,-0.8464,-0.4648,0.3734,-0.6652,0.8541,-0.0148,1.8429,0.1249,-0.2791,-0.6171,1.3646,-0.0383,1.4879,-0.4368,1.2907,0.7468,-0.9668,1.8309,2.071,0.5339,1.4402,-1.1495,-0.1336
TCGA-AA-3555-01,-0.473,0.2183,1.0009,-0.0951,0.9136,0.389,0.2371,0.9899,-1.3868,0.1808,-0.5259,-0.9709,-1.3483,0.3132,-0.0664,-0.5316,-1.0825,0.0976,1.6558,0.9609,1.902,0.6971,-0.4953,1.8524,-0.6083,-1.5916,0.3895,0.973,-0.1227,1.1568,0.4086,-0.4152
TCGA-AA-3556-01,-1.1389,0.7192,-0.9178,-0.7109,0.1058,0.258,-0.602,-0.8523,-0.2852,-0.6623,-0.176,-0.3276,-0.2655,0.4612,-0.8075,-0.3262,0.5971,1.1419,-1.1492,-0.3865,0.7614,0.2974,-0.2094,0.1521,-0.6962,-0.3483,0.7933,-0.1558,-0.8204,1.4147,-0.7446,-0.8805
TCGA-AA-3558-01,-0.8208,0.8462,-0.3955,1.3956,-0.252,-0.4503,1.6438,-0.9477,0.621,-0.1683,1.058,-0.3273,0.1323,-1.7551,-0.0777,0.5307,-1.7523,0.8289,-0.7709,-0.3216,-0.2507,0.7243,-0.3601,2.445,0.746,1.2644,-1.1445,-1.829,-2.5239,0.3995,-1.7628,-1.3191
TCGA-AA-3560-01,-0.4099,0.3809,-0.1743,-0.0062,1.5449,-0.2098,0.6473,0.4977,-0.8744,-0.535,-0.7812,-0.073,0.2374,0.4921,0.029,0.2345,0.88,-0.8406,0.2382,-0.9925,-0.0548,-1.4771,-0.6733,1.1026,0.1816,-0.3783,-0.9153,-0.4668,-1.0795,0.2125,0.6597,-0.6132
TCGA-AA-3561-01,1.3604,0.6383,-0.9816,0.5212,0.7349,-0.3522,1.3104,-1.2025,1.0015,1.1666,-0.5856,-1.5201,-0.7814,0.2294,0.0851,0.4513,0.1149,0.1163,-0.3421,-0.162,-0.011,-0.733,-0.3359,0.6185,-0.0852,-0.3166,-0.1736,0.2657,-0.2324,0.2059,-0.2555,-0.9625
TCGA-AA-3562-01,-0.7352,1.2665,0.3435,2.4679,-0.0096,-0.4946,0.059,0.4364,0.726,1.3873,1.4226,-0.3,0.188,-1.0205,-0.348,-1.7599,0.1495,-1.0694,-0.4647,-0.6577,0.3918,-0.9276,-0.6845,1.2788,0.0993,0.446,0.9766,-0.3952,-0.1386,0.6179,-1.0566,0.1016
TCGA-AA-3664-01,1.2907,-0.5415,0.0113,3.1211,-1.4725,0.1429,0.4565,-0.6568,-1.1446,-0.5391,-0.0521,-0.2753,0.5177,0.2818,-1.833,2.1429,-1.2744,-0.2326,0.4135,0.6544,-0.1043,0.6487,1.8663,-0.4432,-2.6891,-0.3548,1.1137,0.429,-1.4536,0.1919,0.9347,-1.6738
TCGA-AA-3666-01,0.2012,-0.5706,0.9529,0.9821,-0.3319,1.5643,3.077,-0.3193,-0.4456,-1.0843,2.0659,-0.5387,0.6537,-0.3076,-0.8424,-0.5871,0.0088,0.4658,1.8781,-1.4574,-1.2029,0.9282,-0.8263,-0.0808,-0.5182,-0.4539,-0.4127,-0.0365,-0.427,-0.3677,-1.5748,-0.4035
TCGA-AA-3667-01,0.7065,0.4634,-0.377,1.05,-0.2659,1.4894,0.9887,-0.2872,0.0666,-0.2387,1.321,0.1265,0.5798,-1.4856,0.5843,-1.6066,0.6405,-0.064,0.1359,-0.3753,-0.8676,-1.2678,1.4937,0.1691,0.8531,1.124,0.4153,-0.8071,-0.0181,-1.1678,-0.2148,-0.4719
TCGA-AA-3672-01,-0.1197,-2.4801,0.9802,-0.0851,-0.5602,-0.511,-0.5977,0.5507,-0.4549,-0.8102,0.484,-0.6862,-0.1468,1.0202,-2.0314,0.9892,0.9032,-1.1129,0.0619,0.3768,0.2917,0.5981,-0.1096,-1.4422,0.6682,-0.423,-0.8691,0.2309,0.1563,-1.2551,-0.2656,-1.6646
TCGA-AA-3673-01,-0.9195,0.9572,-1.5863,1.1299,0.9197,-1.1631,0.5154,1.5433,0.9283,1.2531,1.2603,-0.5015,-0.0231,0.0658,1.0041,-1.5106,-0.3605,0.9602,1.9119,0.9738,1.1565,0.1272,-1.3629,0.5242,0.1273,-0.3847,-0.0221,-0.4145,0.0174,0.0781,-0.5726,1.4279
TCGA-AA-3675-01,-0.2837,1.1022,-0.2321,-0.1935,0.0406,0.8935,-0.92,1.4845,-1.2457,-0.7139,2.0057,-0.5225,-0.5078,0.616,-0.4591,-0.814,0.2594,-0.3138,-0.8601,-1.0905,-0.892,-0.17,-0.6119,0.7551,-0.7429,-0.9807,0.9228,-0.4975,-0.1533,0.6228,-2.0494,-0.3756
TCGA-AA-3678-01,0.9369,-0.411,-0.4144,0.652,0.5355,0.5518,0.7523,-0.0207,-0.4028,0.1401,-0.8474,0.2359,1.7769,1.8804,0.5618,-1.6684,0.7953,0.2052,2.2131,1.6702,0.3334,-0.427,0.4491,0.2234,0.1654,0.065,-0.1283,-0.0874,-0.3617,-1.0821,-0.3701,1.5043
TCGA-AA-3679-01,0.0586,-0.282,-1.0441,1.8396,0.9571,0.0178,1.8934,-0.7687,0.6366,1.1792,1.4842,0.3174,1.6172,-0.5813,-0.6438,-0.1504,-1.4167,1.309,0.2367,-1.0376,-0.0452,0.2314,-0.6759,0.8006,-1.8007,0.6048,1.404,-1.2703,-0.2179,1.8383,-0.7344,0.4069
TCGA-AA-3680-01,-0.1049,0.9752,-1.1712,0.192,-0.9166,-0.788,-0.3809,-2.3673,-0.5009,0.8334,-2.5008,0.9073,1.2195,0.3609,0.5903,-0.1287,-1.0264,0.598,1.8794,1.2159,1.5625,0.8737,-0.4338,0.8771,-2.3692,-1.0662,1.1365,-0.7149,-1.1373,1.1626,-1.6742,0.079
TCGA-AA-3681-01,-0.5333,-0.6322,-0.0777,1.6958,-0.7599,0.2236,0.4714,-0.991,-0.526,0.1306,-0.1102,1.0593,-0.1714,0.6316,-0.734,0.0457,0.7771,0.8518,-0.3532,0.6578,0.5053,0.7035,0.5913,-0.6728,0.3478,-0.4075,0.2813,1.5605,-0.1337,-1.4241,1.2794,-0.9241
TCGA-AA-3684-01,1,0.1313,1.4197,1.4501,1.8955,0.2698,0.2127,0.4734,1.3396,-0.3061,0.5362,0.9772,0.0651,0.4258,1.1376,1.0641,-0.3574,1.8159,1.4905,0.5016,0.768,1.4807,-1.8038,0.0578,-1.4508,1.1835,0.5085,0.2203,1.9523,0.6863,-0.7431,0.7341
TCGA-AA-3685-01,-1.2015,0.5616,-0.142,-0.2065,0.6179,1.6503,0.8858,-0.2522,1.249,0.64,0.3769,-0.1992,0.3201,0.4921,-0.6727,-0.7908,-0.1146,0.1542,0.5633,-2.4668,0.4063,-1.0343,-0.8092,1.0499,0.6767,0.3277,1.5458,-1.0589,0.2615,0.8296,-0.0762,0.3749
TCGA-AA-3688-01,-1.4884,0.6562,-0.775,0.6315,-1.1063,-0.1194,0.6336,-0.4142,0.5442,-0.3798,1.8371,-0.8564,-0.0421,-0.7038,1.0301,-2.3875,-0.4592,-0.3714,0.637,-0.555,-0.0042,0.5319,0.6747,0.9702,1.0736,1.3295,1.4438,-1.2272,-0.8096,-0.4657,-0.1727,-0.2681
TCGA-AA-3692-01,0.5013,1.9567,-0.4531,1.049,-0.4847,0.3285,-0.0714,-0.6063,-0.6251,0.5775,-0.5732,0.857,0.8479,-0.7598,0.7665,-0.7204,0.0723,-1.8148,0.2818,-0.7036,0.7515,-1.3108,0.2249,0.6504,-0.204,0.42,0.7032,-0.0177,-0.4045,-0.6256,0.1422,0.4382
TCGA-AA-3693-01,-0.0028,0.4276,-1.3032,-0.1416,-0.2423,1.1744,1.207,-0.3135,2.0663,0.2719,-0.1812,0.9411,0.6162,-0.3089,-0.3317,-3.0207,-0.9723,0.7869,-0.2306,-0.6214,-2.0034,-0.1381,-0.2681,0.8594,-2.2768,3.0362,1.5008,-0.8754,-0.224,0.1713,-0.5044,0.2137
TCGA-AA-3696-01,0.2676,0.1382,0.3846,-0.0377,-0.8112,1.4896,1.1069,1.9047,-0.9275,0.0298,1.4071,0.3671,0.9495,0.0373,1.0645,-0.5126,-1.4964,1.0955,0.2889,0.6889,-0.327,-0.7955,-0.6039,0.1193,-0.5142,-0.5513,0.3942,-0.9846,0.0299,0.3847,0.0784,-0.7854
TCGA-AA-3710-01,0.4953,-1.0798,-0.1057,-0.7998,0.8584,-0.7511,0.1443,0.2823,1.3881,-0.9015,0.1289,0.7343,-1.5021,0.992,-0.7407,2.183,-0.02,-1.3787,-0.3529,0.0619,0.334,0.3112,-0.1756,-1.1278,-0.423,0.2323,0.848,0.4208,0.9787,-0.6404,-0.5494,-0.6753
TCGA-AA-3715-01,0.1908,-1.468,0.757,-1.1429,2.1249,0.652,-0.2755,0.0527,0.2379,-0.4629,0.2657,-0.3341,-1.8615,-0.412,-1.7964,1.1894,-0.7417,0.7551,-0.8181,0.821,0.5392,-1.8885,-0.2459,-0.0444,0.4273,-0.6521,-0.2268,1.2808,0.6026,1.2614,2.0305,-0.5119
TCGA-AA-3811-01,1.2386,-0.0745,1.5829,0.3279,-0.4023,0.5104,0.5143,1.681,2.487,-0.3095,0.3598,0.6479,-0.7529,-2.1665,0.1246,1.1808,-1.9621,-0.0586,-0.4311,0.8974,0.5279,2.02,0.2098,-1.0419,1.5529,-0.1768,1.3833,0.7959,0.3458,1.5836,0.0479,-1.0964
TCGA-AA-3812-01,-0.5437,0.4639,-0.0013,-1.1988,-0.0964,0.0038,-0.4477,0.6499,0.9626,-0.2447,-0.7303,1.637,-0.4252,-0.396,-0.0057,0.4762,-0.7654,0.0363,0.2112,0.0546,1.1723,0.187,-0.4756,0.6748,-1.7196,0.9418,0.6111,-0.1806,0.7555,0.6714,-0.2816,1.0786
TCGA-AA-3814-01,-0.7335,0.0515,-0.722,-0.3703,0.8273,0.5387,0.3712,-0.3811,0.6064,-0.6666,-0.1427,0.6715,0.7553,-0.5688,-0.7537,-1.0705,0.0275,1.2347,0.2844,-1.6609,0.5967,-0.2946,-0.5441,1.2471,-0.322,1.1652,0.814,0.1364,0.2779,-0.3092,-0.1618,0.0855
TCGA-AA-3815-01,0.2045,-0.1203,1.0719,-0.7554,-0.0137,-1.443,0.1486,0.1879,-0.1437,0.2328,-1.276,-0.6544,-0.0955,0.0945,-0.3967,0.298,0.0614,-1.5172,-0.3002,0.5973,0.1144,0.1925,-0.8439,-2.0342,-0.0584,0.0563,1.0927,0.0699,-0.1275,0.4135,-0.2678,-0.1374
TCGA-AA-3818-01,-1.0034,0.6251,-0.2745,0.6825,-0.0223,1.4638,-0.8988,-0.1112,-0.1085,-0.6831,1.0643,0.6047,-0.0144,0.2824,-0.0551,-0.0393,-1.1084,1.6294,-0.471,-0.8083,1.2563,0.5736,-0.746,0.3066,-0.2259,-1.3182,1.6423,0.8519,-0.1075,-0.5489,0.0312,-0.3057
TCGA-AA-3819-01,1.9446,0.2211,-0.6421,0.1686,0.252,0.763,-0.0613,0.8308,0.0694,-0.9616,-1.5282,0.8269,-0.097,0.178,0.6928,-0.4518,-0.4735,0.1996,0.509,0.0423,0.665,0.3646,0.9818,0.8008,0.5729,0.3929,0.6,-0.8172,0.9883,-0.3479,-0.7025,0.6933
TCGA-AA-3821-01,0.0707,-0.5815,-0.6437,-0.8607,0.0271,0.143,0.5784,0.4802,0.7581,-0.6869,-0.5064,0.0577,-0.59,-1.0888,1.1276,1.9862,-2.2972,-0.8842,0.552,1.0183,1.0227,0.9252,1.7154,0.0965,-0.8215,0.2561,-0.1859,0.6056,0.0967,1.104,0.3019,-1.0433
TCGA-AA-3831-01,-0.3616,-0.061,-0.4285,2.0274,1.399,-1.0274,-0.2988,1.1314,-0.792,0.5589,-0.1109,-0.591,0.0734,-0.7793,0.5494,-1.1775,1.027,-1.6566,0.731,0.1884,0.6496,-1.7176,-0.1562,1.2819,0.2376,0.9997,-0.5531,0.5579,-0.3244,-0.2713,-0.09,1.1015
TCGA-AA-3833-01,-0.6035,-0.2977,0.8611,-1.095,2.5307,-0.4698,0.5074,1.0623,0.6886,-1.0193,-0.7769,0.7695,-0.8925,1.3611,0.0803,-0.2357,-0.2488,0.1115,-1.4459,-0.9267,0.5994,1.1665,-2.4876,0.0252,-0.7173,1.0725,0.4562,0.7336,1.1367,0.0996,0.836,-0.2315
TCGA-AA-3837-01,0.3044,0.5053,-0.5239,0.212,-0.2808,0.4345,-2.6203,2.053,-0.4057,-0.9248,1.0669,0.7863,-0.475,-1.1575,-0.5683,-0.5923,0.1761,1.0778,-1.6931,0.0006,0.4818,-0.5678,0.0952,0.3118,-1.0052,0.4047,0.3965,1.472,0.9408,-0.2127,-0.7489,-0.1378
TCGA-AA-3841-01,-0.4214,-0.1968,0.6252,0.0202,-0.1976,0.3397,0.8996,0.9111,-0.0091,0.6523,-0.1774,1.0096,0.326,0.6129,-0.456,-1.7761,0.2385,0.3577,0.3243,1.0872,0.1976,-0.2263,0.582,0.2449,-0.3978,0.3766,1.3058,1.0555,0.2806,-1.4249,-0.2823,0.5395
TCGA-AA-3842-01,-1.8488,0.0062,0.2631,2.7585,1.8153,0.3509,0.6002,-0.0762,0.509,0.7497,1.6172,0.6274,0.1686,-1.1921,-0.7913,-1.4647,-1.4093,0.2871,-0.1789,-1.5979,-0.8618,0.6413,-2.1072,-0.6327,-0.2701,-0.5336,0.36,-0.303,0.4,-1.4603,-1.5516,-0.4661
TCGA-AA-3844-01,-1.0742,-0.5686,-0.4262,0.4627,0.1147,0.0633,-0.0571,1.0351,0.2523,0.1075,0.2006,0.2589,0.0678,0.5053,-0.2347,0.2052,1.4835,0.4936,0.7541,-2.7601,-0.0012,1.0602,-0.358,-1.58,-0.2664,-0.7508,0.0828,-0.248,-1.0273,-0.4707,0.1967,-0.8226
TCGA-AA-3845-01,1.0268,-0.5667,-0.9247,-1.2258,3.2588,-1.6518,-1.8285,0.379,0.2024,-1.1615,-4.0943,0.4922,-0.2658,1.2859,-1.2833,1.4628,-0.426,0.1418,-0.5683,0.6841,0.6045,-0.0475,-0.4459,-0.7625,1.3498,0.4663,0.3176,0.2671,0.8349,2.2956,2.2686,-0.4001
TCGA-AA-3846-01,1.209,0.3097,0.2361,1.2833,1.8026,-0.4873,0.244,0.0522,0.0687,-0.263,0.9203,0.7851,0.0912,-0.2627,-2.2325,-0.7653,1.2702,0.4776,-0.5468,0.0286,0.5404,-0.6861,1.9528,1.227,-0.7368,-1.6109,0.2366,1.0051,-0.1226,1.1543,0.201,-0.1523
TCGA-AA-3848-01,-0.4889,0.0675,-0.9132,0.3114,0.2628,0.7981,-0.2537,1.6586,-0.5479,0.8158,0.7936,-1.2565,-0.6201,0.0078,0.483,-2.2083,-1.1112,-0.9552,0.8042,0.4952,0.103,-0.1549,2.1177,-1.8975,1.3554,-1.0805,-1.0618,-0.7043,-0.4574,-2.4953,-1.323,-1.1362
TCGA-AA-3850-01,0.6258,1.1629,0.6595,0.189,-0.2351,-0.7632,-0.735,1.4047,-0.473,1.0233,-0.647,0.0671,-0.373,0.6164,-0.0895,0.1078,1.428,0.4982,0.3686,-0.192,0.6609,0.0105,-0.1528,1.191,-1.0583,1.5788,0.3249,0.7015,-0.1686,0.9434,-0.6023,1.0026
TCGA-AA-3851-01,-0.1976,1.1456,0.0768,0.9666,0.3557,-0.1939,1.921,0.0007,0.279,0.6472,0.0324,0.389,-0.0227,0.3986,-0.2223,-0.3375,0.1595,0.7627,0.5728,-0.6813,0.7904,0.0675,-1.4063,-0.0577,-0.9833,0.9959,0.7354,0.5597,-0.0824,1.1733,-0.4906,0.2581
TCGA-AA-3852-01,-0.6984,0.7981,0.0209,1.518,-0.776,0.3681,-0.2315,-0.1394,-0.5512,0.617,-1.2641,0.3228,-1.1937,-0.1824,-0.5802,-1.0249,0.1977,0.2096,-0.0163,-0.2754,1.4886,0.0893,-0.5891,0.8866,0.0519,-0.7707,0.1492,0.9432,-0.0786,-0.6519,0.6343,0.1415
TCGA-AA-3854-01,-1.501,0.3767,0.0099,0.9911,0.161,-0.7633,-1.3679,-1.0809,0.4044,-0.3293,-2.461,0.0438,0.0556,0.8946,0.0114,-1.0746,-1.1469,-1.5903,0.4193,-0.2874,1.5973,1.3895,-1.0615,0.4907,-1.1723,-1.1825,0.4559,0.3446,-0.8559,0.8849,-2.0697,-0.0719
TCGA-AA-3855-01,0.125,0.1906,-0.4551,1.102,0.3266,0.7434,-0.3253,-1.8372,0.5428,-0.1489,-1.8032,2.0055,1.8149,0.5077,0.584,2.1333,0.4111,1.0317,0.3151,0.3309,0.7584,0.8806,0.3817,1.2693,-1.6876,0.814,0.3404,0.5001,0.3122,-1.19,-1.9594,0.799
TCGA-AA-3856-01,0.2824,-0.012,0.0023,2.9868,1.5468,-0.6955,0.8784,0.0994,0.3641,1.2754,2.4767,0.3311,1.3041,0.0403,0.3031,-0.9234,-0.0287,0.8331,1.8161,-1.3519,0.2378,-0.5969,-0.7277,0.1178,-2.3384,-0.153,-1.7681,-0.2471,0.0093,-1.3969,-2.0755,0.871
TCGA-AA-3858-01,-1.9859,1.3429,-1.0953,3.8642,0.0845,0.2645,0.112,0.9344,-0.9219,-0.728,1.5739,-0.4333,-0.6221,-1.4156,0.156,-1.8673,-0.3666,0.1154,0.9776,-0.6852,0.2143,-0.6824,-0.7398,0.2677,0.4379,0.207,0.5527,-1.4001,0.4051,-1.5419,-0.733,0.0567
TCGA-AA-3860-01,0.5254,-0.8319,0.9261,1.0435,0.2356,-0.0571,-2.1078,-0.5819,0.3901,-1.0867,-0.1071,1.4975,-0.5137,-0.7081,-2.7866,-0.2329,1.4045,0.6384,-2.1541,0.2687,-0.4296,-0.1041,-0.2119,-1.3452,-1.199,0.5149,-0.1224,0.9166,0.3865,-1.0384,-1.3716,0.5644
TCGA-AA-3861-01,-2.7687,1.0887,-1.5443,0.6275,-0.8109,1.0717,-0.4021,0.5235,1.1039,0.9348,-0.1629,0.47,-0.5655,0.451,0.1889,-0.5837,0.3781,0.7312,-0.652,-0.9536,1.2497,0.9664,-2.4486,1.9553,-0.5884,-0.2987,0.4515,-0.07,-2.0509,0.2817,-2.2098,-0.5822
TCGA-AA-3862-01,-1.3375,0.3181,0.7122,0.8058,-0.1915,0.2506,2.3562,0.7953,0.5042,0.7521,0.973,-0.2273,-0.3248,-0.1224,0.1579,-0.8067,1.9618,-0.1039,-0.243,-0.4251,0.5942,1.6857,-1.3834,-0.4721,-0.9707,1.1421,2.6685,-0.0517,0.099,0.0106,-2.511,0.3856
TCGA-AA-3864-01,-1.4648,0.0342,0.3428,-0.594,0.1929,1.0806,-0.2251,0.5123,0.058,0.5719,0.8907,-0.5282,-1.1238,-0.4612,0.8532,-0.265,-0.3661,-1.4142,-0.9453,1.0346,0.5026,0.0239,-0.2822,1.5477,0.9106,-0.1349,0.9155,0.2194,-0.0488,-0.7632,0.8861,-1.31
TCGA-AA-3866-01,-0.485,0.0798,1.1523,1.068,1.3882,-0.3967,-0.065,-0.8674,-0.2764,-0.037,1.2598,-1.2965,-1.8358,-1.9495,1.0598,0.6512,1.1594,-0.2313,0.0882,0.049,-1.4053,0.2557,-1.0396,-1.2862,-0.2482,-0.0271,1.4002,-0.2993,0.5412,0.6286,0.6626,0.8882
TCGA-AA-3867-01,-1.106,0.1463,-0.2741,1.2883,1.6472,0.7333,0.8159,0.2609,1.2081,1.8914,0.9648,1.1784,0.1149,0.1896,1.3174,-1.4992,-1.2274,1.0925,0.7601,0.1646,0.1828,-0.9852,-1.8506,-0.0919,-1.8993,1.0174,1.478,0.3643,0.8634,0.2306,-0.6967,0.3373
TCGA-AA-3869-01,0.1755,-1.2724,0.3489,1.3417,0.6231,-0.5997,0.3892,-1.168,-0.2095,0.7133,-1.1758,0.037,1.0012,1.6495,-0.3419,0.9346,-0.1347,1.0379,-0.0976,-0.4215,-1.0484,0.3599,-1.7049,-0.5316,0.0888,0.357,-0.2388,-0.8438,-0.8844,2.2231,0.5065,-0.1372
TCGA-AA-3870-01,-0.5733,-0.476,1.0952,0.5421,2.8833,-0.1775,1.9857,-0.9078,0.7283,-0.4866,-0.0465,-0.4205,0.8676,1.0102,-1.4074,-0.729,-2.5708,1.4108,-1.1954,-0.0414,-0.1241,-0.238,-1.7312,-1.9444,-1.669,0.5117,1.3549,1.1317,0.9008,-2.061,-0.2954,-1.257
TCGA-AA-3872-01,0.8952,-1.102,0.3812,-1.1309,1.5515,-0.6814,0.3738,-2.7515,0.0401,-0.0019,-0.0256,0.9525,0.2359,1.2713,-0.8839,-0.2899,-1.7101,0.0859,-0.992,0.1117,-1.6455,-0.9137,-0.3028,-0.6472,-1.463,-1.2792,1.8534,1.4706,2.245,0.2265,-0.2591,1.1101
TCGA-AA-3875-01,0.7317,0.3738,-1.0126,0.0322,0.5924,0.3249,-0.5007,0.4291,0.1168,-0.3472,-0.273,0.9698,-0.1366,-0.7075,3.8369,0.0388,-0.5299,-0.9621,-0.2535,-0.3837,0.6278,-0.2065,0.4623,-1.3606,0.4411,0.566,-1.0445,-0.3457,-0.1028,-1.6523,-0.7221,0.8846
TCGA-AA-3877-01,0.8102,-0.46,0.0437,-0.209,1.5061,0.5197,1.1127,0.7769,0.2227,-1.5794,-0.1221,-0.4171,-0.2951,0.2904,-0.7754,2.232,1.0756,-0.9953,0.3678,-0.4069,0.2887,1.4673,-0.909,-0.5255,-0.8811,0.4451,0.4708,-0.5878,0.5881,0.4597,-0.4391,-0.3963
TCGA-AA-3930-01,-1.5361,-1.1633,0.29,0.1796,-1.6808,1.4477,1.9284,1.1188,1.6783,0.7021,0.1001,-0.5833,-2.5593,0.8024,-0.4975,-0.4131,0.9712,0.4214,-0.8239,0.0661,0.0335,0.2188,1.1192,-0.4454,0.6069,-0.7528,0.0676,-1.2158,0.0423,-0.8555,-2.1895,0.0975
TCGA-AA-3939-01,-1.4192,1.0793,-0.6518,-0.4222,0.4379,0.3448,0.782,-0.4827,1.0111,0.2482,0.8268,0.9107,-0.951,0.6709,0.0984,0.066,-0.8411,0.6105,-0.0037,-0.5587,0.1732,0.6658,-1.2796,0.3374,-0.4096,0.2967,0.6068,0.7611,-0.7619,-1.7314,0.717,-0.3774
TCGA-AA-3941-01,-0.4702,1.4995,-0.989,1.0975,1.6536,1.1269,0.0171,-1.8299,0.704,-1.2404,2.3097,0.4876,1.7987,1.5108,0.9235,-0.5385,-1.5459,2.1587,1.3189,-1.0524,-0.4553,0.7516,-2.7415,-2.4906,-0.9411,-1.0809,1.7198,0.0859,0.0185,-1.9028,-0.5298,-1.2115
TCGA-AA-3947-01,0.5348,0.1682,1.6078,-0.5751,0.1474,0.848,1.303,0.8187,-1.1756,1.199,-0.3346,-0.069,-0.5129,0.3064,-1.5056,0.9726,0.1173,-0.7914,0.0118,-1.3659,-0.1179,0.2105,-0.803,1.5432,-0.3747,-1.0563,0.1507,-0.9942,0.1489,1.3702,-0.1335,-1.0863
TCGA-AA-3949-01,-0.4472,-1.0977,-0.0971,-1.5145,-0.7005,-0.7877,-0.0518,0.3499,0.3097,-0.4155,-2.4765,0.0841,-1.9785,-0.5415,-0.6704,-0.2771,-0.1261,-0.6949,-0.2506,0.2567,1.034,0.1753,-1.7387,0.6687,0.1528,-0.0328,0.6778,0.0148,0.7706,-0.0488,0.6219,0.3498
TCGA-AA-3950-01,-1.716,-2.4419,1.3876,-1.013,0.0653,2.0936,-2.4719,0.0342,-1.4104,0.7666,1.6952,-0.6407,-2.1699,0.5294,-1.8729,-0.1152,0.2358,-0.6471,-1.8534,-1.2744,-0.8359,-0.7106,-3.682,-0.8143,0.6645,-0.0905,0.8801,0.4506,1.2114,0.603,-0.246,-0.0932
TCGA-AA-3952-01,0.5869,0.6785,0.3628,0.8558,-1.1474,1.5786,0.5069,-0.7206,-0.6212,0.7113,-1.3741,0.1231,-0.4268,-0.4511,-0.8709,-1.6746,-0.7435,-0.0732,-1.3657,-0.461,-1.1692,-0.1762,-0.3829,-2.1538,-2.1247,0.9649,-0.2423,0.4841,1.2013,-1.3013,-0.5501,-0.7321
TCGA-AA-3955-01,0.0586,1.1503,-1.0298,1.3722,-0.2398,-0.931,0.5615,0.4029,0.9107,0.9849,0.6149,0.1523,-0.6359,0.3436,-0.8087,-0.5509,0.4196,-0.5737,-1.188,-1.7846,-0.8876,-0.5723,-1.0357,1.5244,0.5867,-0.035,0.993,-1.6029,0.0858,2.4769,0.6785,0.5389
TCGA-AA-3956-01,0.2874,0.1953,0.4935,0.5786,-0.7471,-0.1973,-2.8514,-0.4536,0.8131,-0.01,0.9584,1.3304,-0.3287,0.5139,0.2693,-0.0458,-0.2819,0.1347,-1.1503,0.0924,0.8816,0.9993,1.1571,0.8983,-0.3488,0.0855,0.5187,0.035,1.0249,-0.0957,0.0827,0.5134
TCGA-AA-3966-01,-1.0199,-2.4473,2.1966,-0.8952,-0.1838,0.52,-1.6684,-1.9232,-0.7145,-0.7783,0.2903,1.4546,-0.8055,0.9901,-1.9768,1.8761,1.5799,-0.05,-1.0881,-0.9192,0.2294,-0.6419,-0.3647,-2.2226,-1.1998,-0.823,1.4219,1.7463,2.3872,-0.0331,0.1364,0.2549
TCGA-AA-3968-01,0.4355,-0.6617,-0.1884,-0.2554,-0.2756,0.6109,-2.5392,0.2288,0.482,-0.25,1.7111,0.3345,-0.063,-1.4484,-0.5239,-0.2312,0.3118,0.8999,-0.7299,0.1867,-0.0423,-0.1666,2.5928,0.5715,0.2943,0.6394,0.5699,-0.6154,0.9787,0.8708,0.3585,1.5387
TCGA-AA-3970-01,1.8585,0.8033,-1.4348,1.5699,-0.2875,-1.0642,-0.5389,0.9797,0.0234,0.9612,-0.5587,-0.027,0.7506,-0.1798,0.2028,0.1178,1.0632,-0.4837,0.1065,-1.0622,0.3303,-0.6439,0.506,0.7748,0.4208,0.7368,1.2289,-1.3323,-0.5317,0.0081,-0.1241,0.6263
TCGA-AA-3971-01,1.0576,1.1313,0.1121,0.1001,-0.3277,0.3747,0.1878,0.6616,0.5491,0.5911,1.0582,0.9187,-0.4007,-0.9874,-0.1673,0.3336,-0.4236,0.5193,0.5226,0.0795,0.8128,-0.5264,-0.3966,1.3814,-0.4667,-0.1663,1.169,-0.1686,0.3573,0.1968,-0.5407,0.0786
TCGA-AA-3972-01,2.0401,-0.3651,0.6348,-0.5501,-0.1968,0.3775,0.2164,-1.166,-0.4332,-0.9265,-0.7072,0.8644,-2.5371,0.7403,-0.6587,-0.5561,-1.2215,0.9704,0.5287,0.7633,-0.5066,-0.266,1.1745,0.2091,-0.0171,-2.1553,1.371,-1.174,0.15,0.7398,0.6285,-0.414
TCGA-AA-3973-01,1.1185,-0.8839,-1.0173,0.0247,-2.0924,-1.2008,2.0737,0.0547,-0.6193,-0.5285,1.3861,0.8172,0.0813,-0.3382,-0.0113,-2.0302,-0.6782,1.9681,0.4996,0.192,-2.8208,0.0486,0.7427,-0.6282,-0.2579,1.0256,-0.5925,-0.3475,0.1932,0.7168,-1.0407,0.4137
TCGA-AA-3975-01,2.6353,-0.6526,-0.7609,-0.0512,-0.1987,0.8379,0.7321,-0.8674,0.6609,0.5777,0.1924,2.2988,1.2594,1.1221,0.7671,-0.4932,0.2823,0.9688,0.8997,1.2226,0.419,0.3599,4.2108,0.3489,-0.0475,1.4752,0.7129,0.6524,0.6426,-0.193,0.1865,0.3598
TCGA-AA-3976-01,-0.0412,1.1562,-0.6754,2.6172,1.9765,0.7334,0.4867,-0.1404,-0.7652,-0.5187,3.4062,0.9215,0.2054,1.247,0.1493,-1.3201,-0.4589,1.5848,0.6916,-0.7983,-0.361,0.2721,-1.1503,-0.3097,-0.127,-0.9037,-1.0583,-0.4704,-0.1881,-0.7278,-1.1691,-0.1085
TCGA-AA-3977-01,-0.9979,0.7851,0.1054,0.8053,0.9255,-0.3111,-1.2936,0.7409,-0.597,1.2307,1.1292,0.0674,-0.8118,-0.5928,0.0999,-0.863,0.1531,-0.8659,-1.1043,0.0745,0.9573,0.1875,-1.314,0.1015,1.7273,-0.3638,-2.0254,-0.9112,-0.8405,0.327,0.7119,-0.9565
TCGA-AA-3979-01,0.3795,0.2502,-0.0735,3.656,2.5626,0.4163,-0.5553,1.1333,0.817,0.7577,2.494,1.1863,-0.2299,0.5833,0.8058,-1.6508,0.353,0.44,-0.4822,-0.9827,-1.0731,1.2213,0.0333,-1.5375,2.1741,-1.8828,0.4819,-1.0892,-1.881,0.6385,-0.4906,-0.5075
TCGA-AA-3980-01,0.0471,0.7844,0.242,2.388,0.5488,-0.8916,-0.1901,1.2374,0.3228,1.3205,1.6559,0.2168,0.0097,0.2872,-0.522,-0.7708,1.5503,0.4959,0.6816,-0.0884,0.0001,0.4573,-0.1535,-0.3855,-0.0049,1.0349,-0.0864,0.1139,-0.6941,0.655,0.2671,0.7952
TCGA-AA-3982-01,-0.4817,0.8341,0.1652,2.2242,0.7599,0.2244,-0.417,0.7618,0.1972,0.8908,1.6535,0.451,0.0987,-0.9222,0.2345,0.1948,-0.3939,0.4614,-0.2684,-0.929,0.2868,-0.0176,-0.7976,0.1691,0.6114,0.8277,0.1279,-0.691,0.3968,0.1136,0.5515,1.0722
TCGA-AA-3984-01,-0.4817,-0.9329,1.5923,0.4722,-0.1527,0.1493,-1.3482,0.5891,-0.3463,-0.3327,1.1198,1.3599,0.1959,-1.5522,-0.1692,-0.0341,1.4631,-0.4361,-0.2632,3.3796,-0.924,-2.3213,0.4466,-1.4619,2.7588,-0.8238,0.0869,2.787,0.6782,-1.064,-0.1408,0.3898
TCGA-AA-3986-01,0.8102,0.3161,-1.7276,0.2919,-1.3796,-1.0869,-0.1265,-1.3567,-0.2998,0.8868,-0.6367,1.2551,0.9941,1.6243,1.7153,0.2311,1.2121,-1.4856,-0.1118,1.6859,0.5708,-0.8929,0.0411,1.5975,-0.5774,-0.0384,0.4006,0.1722,-0.3843,0.5635,-2.4906,1.9296
TCGA-AA-3989-01,-0.0303,0.162,-0.2472,2.1298,0.4137,0.2385,0.4003,-1.329,-0.7944,-1.4883,1.5289,1.6728,-1.1886,-0.6935,0.4572,-0.1653,1.1878,-0.3575,0.1039,0.6444,0.1655,0.7583,0.0484,1.2466,-0.2636,0.6485,-1.0521,-0.8208,0.2183,0.9359,-1.2852,0.1502
TCGA-AA-3994-01,-0.897,0.3646,0.7064,-3.4757,0.5951,1.5492,1.7339,-1.364,0.5879,-0.5417,0.058,-0.5117,-0.4647,0.8189,-1.0967,-0.2464,-1.5855,-1.6285,-1.8211,-1.3345,1.4318,-0.6476,-1.0051,-0.0225,-1.4155,-3.1019,1.2669,0.1446,0.0113,1.0711,-0.0196,-1.1812
TCGA-AA-A004-01,-0.3413,-1.4414,2.1274,1.8781,0.5752,1.4466,-0.7806,-1.6037,0.2266,0.0374,1.0137,0.6615,0.7486,0.133,-1.1683,0.0992,0.1926,-1.5902,-0.6562,0.1226,0.7549,0.106,0.037,-1.5096,-0.9002,0.5101,1.2818,-1.7327,0.8428,-0.0381,0.6256,0.3699
TCGA-AA-A00A-01,0.7657,-1.3468,0.7417,0.7863,-0.0631,-3.7761,1.2123,1.3682,1.0787,-1.3449,0.6514,-0.7402,1.1333,-1.229,0.3065,2.0121,0.8457,0.1734,-0.2165,0.9385,1.0348,1.3027,-0.3605,-0.4647,-0.1987,1.5918,-1.155,1.0932,0.9642,1.5803,-2.3274,2.3016
TCGA-AA-A00D-01,0.4355,-1.4187,-1.1808,1.6344,-0.5524,0.4991,-0.2744,0.186,-0.1048,0.1699,-1.9132,0.5851,1.2108,1.8692,-2.3992,0.7848,-0.0882,0.3337,-0.2254,1.4726,-1.5779,-0.263,0.4989,-0.5999,0.0786,0.0117,-0.0151,-0.1792,1.1665,0.463,1.2047,0.9264
TCGA-AA-A00E-01,-0.3265,-2.3801,0.6189,-0.4687,0.406,2.0505,0.1639,1.5472,-0.0327,-0.5397,0.9107,0.1674,-1.0174,-0.3173,-0.4404,1.632,-2.0227,-1.4039,-0.3101,2.2916,0.9184,1.1786,0.1431,-1.4667,0.9025,0.2929,0.7506,0.8244,1.0727,2.762,1.2359,-1.3243
TCGA-AA-A00F-01,1.6451,-0.3643,-0.1959,-1.1474,0.738,0.3424,1.7344,-1.6884,1.2172,1.3179,-0.2793,0.5356,-0.2405,-0.058,-0.1534,-0.439,-0.671,1.4621,2.5419,0.5803,1.1662,-0.5361,0.2336,-0.1297,-0.4639,1.337,0.0811,-0.4888,1.3774,-0.3784,-1.0893,1.0559
TCGA-AA-A00J-01,-0.7242,-1.9797,2.0514,0.5157,-1.3233,0.5416,0.9574,1.1367,-0.6881,-0.4428,0.4034,-0.6228,-0.5031,-0.3712,-0.0095,0.3091,-0.7334,-0.7557,0.2251,0.1523,1.1258,0.5475,-0.0557,0.0318,-0.1006,-1.4646,-0.7469,-0.2934,1.5356,-1.2477,0.7235,-1.4493
TCGA-AA-A00K-01,0.5331,-0.7497,-0.8129,1.4136,-0.4878,-0.7613,0.9325,0.4977,0.2796,1.1584,2.4102,-0.3071,0.0627,-1.7747,0.4451,-1.2369,1.3569,0.8134,1.7185,0.199,1.4784,0.642,-0.19,-0.4728,0.9127,-0.3815,-1.5933,0.995,-0.2177,-1.153,0.8977,-0.2759
TCGA-AA-A00L-01,-0.5009,-1.0806,0.2352,-0.8388,-0.5751,1.6271,-1.5364,-0.6739,0.4956,-1.9071,2.5182,0.1864,0.7213,-1.3249,0.3641,-1.1171,0.5118,0.2952,0.5242,-0.4744,-0.3878,-2.57,2.4851,0.123,0.2846,1.1009,1.9364,-0.8562,-0.1894,0.299,0.8346,-0.8644
TCGA-AA-A00N-01,0.7295,0.4068,1.9129,0.3648,-0.4586,-0.6032,-1.0742,-0.3918,-0.1253,0.4316,-1.2004,-0.4134,0.0635,-0.1786,-1.507,0.6398,-0.8395,-0.6433,-0.7255,0.5624,0.6849,0.6592,-0.8377,0.6434,-0.9667,-1.3375,1.3839,1.1716,0.6478,-0.8835,-0.3643,-0.1404
TCGA-AA-A00O-01,0.4333,-1.1736,1.0889,-0.9621,0.0001,0.1144,-1.6583,1.5433,-2.3779,-0.6576,0.4851,0.3262,0.6494,1.2848,3.3064,-0.4618,-1.9729,1.0206,2.1202,1.5168,-2.2102,-1.4488,-0.2156,0.7531,-1.5619,0.1537,0.5646,-1.6749,1.8689,0.7316,-0.4935,-0.8642
TCGA-AA-A00Q-01,1.0389,-0.4326,0.1174,0.229,-0.0753,-0.4848,1.3109,0.1582,-0.0984,0.1469,-0.0936,1.1423,-0.0705,-1.9944,0.3476,-0.2999,-1.3408,2.5434,0.8215,0.2256,-0.7991,0.3212,0.1356,0.5122,-0.6176,-0.2367,-2.2719,0.0997,0.9854,0.8206,0.2591,0.2149
TCGA-AA-A00R-01,1.4844,-1.6184,-0.0436,0.9457,0.1988,-0.4175,-0.5696,1.2389,0.6007,-0.5091,-0.9538,0.0347,-1.4432,-2.2807,-0.8429,1.1942,-0.3289,-1.28,-0.456,1.9507,-2.4939,1.4455,0.3952,0.3417,0.8482,0.6604,0.3085,-0.0952,0.5633,1.0348,1.2526,1.3182
TCGA-AA-A00U-01,0.6993,-0.858,0.9079,1.3921,1.6029,-0.0257,0.244,0.1899,-1.8194,-0.0231,1.179,0.2788,-2.4968,0.8962,0.2882,-0.9313,0.8444,-0.4373,0.5693,1.7533,0.3473,0.341,0.1699,-1.4293,2.6898,-2.0809,1.2424,0.2905,0.7201,-0.0611,2.082,-0.8319
TCGA-AA-A00W-01,0.0059,-0.2784,-1.0332,-0.2884,-0.0584,1.4858,-0.1657,0.6504,-0.5153,-0.6976,0.3418,0.5402,-1.1305,-0.3757,-0.2805,1.0682,1.714,0.9816,0.079,2.068,-0.3594,0.7859,0.93,1.0591,1.28,0.1807,-0.4326,0.096,-2.6642,0.7728,1.0153,-1.1151
TCGA-AA-A00Z-01,0.1897,0.2711,-1.3033,0.0857,-1.3646,0.5444,-1.2693,0.1388,-0.6348,-1.4349,0.4711,-0.3293,-0.783,-0.8401,-0.3886,-0.331,1.4827,-0.9484,-0.1816,0.1783,-0.2794,0.1743,1.5521,0.3534,1.1073,0.9607,-0.8767,-1.257,-0.0504,-1.0532,0.2141,-0.203
TCGA-AA-A010-01,0.9429,-2.1717,1.4744,0.0517,-0.4337,2.4079,0.5116,-0.1574,0.7383,1.1787,2.828,-1.3411,-0.3145,0.3475,-0.0448,1.0385,-1.3798,0.3309,0.1236,-0.1604,0.0566,-0.5782,-0.1882,-1.4368,0.5737,0.3341,1.2508,-0.9236,-0.8136,0.3023,2.4681,-1.2156
TCGA-AA-A017-01,0.6911,-1.0326,0.4938,0.0822,-0.1108,-0.5987,0.765,-1.3523,0.1039,1.5828,0.5203,0.0733,2.2162,-0.8945,0.6978,-4.3229,0.7143,1.0477,1.225,-1.3858,-1.7956,-0.0816,0.84,0.1836,-0.1931,1.4299,1.0351,-0.5424,1.6753,0.3715,-1.2279,0.5558
TCGA-AA-A01C-01,0.2128,-0.133,0.4814,1.0226,1.2916,-0.7619,-1.5597,-2.3109,-0.6099,0.6219,1.7303,-1.2158,-0.9795,-1.33,-0.7896,-3.2216,-0.3115,0.3119,-0.0785,-2.3402,-0.2039,-1.9865,0.2792,-1.0921,-0.7786,-0.291,-0.1449,-0.3126,1.1052,-0.6536,0.4492,-0.0677
TCGA-AA-A01D-01,-0.0259,0.1405,-0.3065,0.2325,0.1743,-1.618,0.4809,-1.3411,0.4679,-0.6259,-2.1252,0.3572,0.2121,-0.7635,-0.3472,-0.2927,-1.7033,0.8783,1.4024,0.4482,-0.1133,1.0135,-1.7485,-1.63,-0.6431,0.0171,0.3115,-0.1186,1.5852,-1.7537,0.1371,0.1614
TCGA-AA-A01F-01,0.5243,-1.991,-1.73,0.0957,-0.736,-0.3625,0.7035,-0.6009,-0.4766,-3.3762,-0.168,0.6519,1.7287,0.8813,-1.4099,1.8195,1.6358,1.3212,0.1409,0.4985,-1.0333,2.0592,-0.8519,0.0223,-0.1935,-2.1733,2.1235,1.7449,-1.7547,2.0632,0.7453,-1.6027
TCGA-AA-A01G-01,-2.0858,-0.0548,0.3901,0.8438,-0.0956,1.2177,-1.5179,-0.4754,-0.1584,0.5467,1.6891,-0.1554,-0.679,0.7126,-0.2145,-1.9218,-1.1613,0.1265,-0.423,0.189,0.7454,0.1878,2.0698,-0.6983,1.4909,-0.1142,0.4138,-1.2873,0.0441,-0.9552,1.9202,0.3785
TCGA-AA-A01I-01,-0.2327,-0.0205,0.7672,-0.9461,-0.0703,1.0456,-0.6035,0.648,-1.6393,-0.4821,3.1423,0.1089,0.7241,-1.0786,0.1771,-0.8447,-0.3372,1.8166,-1.3998,-1.1431,-0.0948,-0.3146,-1.0492,0.1456,0.1771,0.3969,1.0763,-0.8594,-0.2441,1.7608,-1.159,-0.2725
TCGA-AA-A01K-01,1.8782,-2.2747,0.471,0.1496,0.0884,-0.1909,1.1668,-0.0523,-0.8681,0.1966,-1.3507,-0.4211,2.4644,0.0831,0.11,-0.3372,-0.9338,0.4825,-0.736,-1.4247,-1.8204,0.0965,0.5349,-1.0023,-0.9533,-1.0439,0.8713,0.0043,1.4638,-0.1139,1.2337,0.4095
TCGA-AA-A01Q-01,3.2321,-0.3201,0.6455,-0.9586,-2.3199,0.2259,-3.0565,-0.1608,-2.219,0.5138,-2.3758,-1.1258,0.6537,-2.4686,-0.47,0.4389,0.1884,-1.816,1.3879,-1.0362,1.8837,0.9473,1.3453,1.6228,-1.1873,-0.2946,1.8183,0.4932,-0.1087,-3.8022,0.3302,0.5616
TCGA-AA-A024-01,-0.3863,0.7575,-0.8972,-0.5885,-0.6387,-2.1315,-1.8178,-1.4982,0.3705,1.5872,-1.3371,0.7075,1.38,0.3603,0.273,0.4834,0.5143,1.6649,-0.101,-0.6544,2.5211,1.6397,-1.0784,0.9673,-2.4381,1.3571,0.8012,3.3081,-1.2079,1.5894,-1.4536,-0.6082
TCGA-AA-A029-01,-1.8554,-0.2718,-0.1666,1.5764,-0.255,0.739,0.1496,0.2365,1.0598,-0.7975,1.6308,1.3176,0.5134,-0.3291,-0.0234,0.0695,0.8942,1.7698,-1.3552,-0.6625,0.6173,1.6883,-1.0768,-0.1032,0.0036,-0.175,-0.8811,0.6281,-1.4418,-0.6824,0.9724,-2.1094
TCGA-AA-A02E-01,0.4454,-0.1411,0.8299,1.4151,0.5422,0.1164,-0.1917,-1.4928,-0.8874,-0.1346,2.6381,-0.9777,0.8601,-0.9348,-0.4244,-1.1288,-0.0896,0.8389,-0.9519,-0.0607,-1.605,-0.6799,0.2301,0.9806,-1.6114,-1.1873,0.783,0.9734,1.1926,0.8865,0.4158,-0.418
TCGA-AA-A02F-01,1.6785,0.2737,0.5774,0.3509,-0.0387,0.109,0.7449,-0.7551,-1.1712,0.4108,0.1355,-1.2039,1.053,1.1772,-0.9973,-1.985,-1.1803,0.234,-0.8916,-1.0661,-2.3165,-1.1159,-0.9409,-1.634,-0.6245,-0.3407,0.4749,0.745,0.4323,-0.4336,1.328,-1.059
TCGA-AA-A02H-01,1.1837,-0.2977,0.1545,0.3613,0.2004,-0.0206,0.3839,0.1237,-0.5942,-0.6559,-0.0769,1.5918,1.8576,-1.0369,0.8924,-1.5862,1.0274,-0.4693,0.3904,1.1406,-0.1272,-1.1521,-0.1966,1.6569,-0.0893,1.5979,-0.7908,0.13,0.1612,-1.5518,-0.897,-0.7883
TCGA-AA-A02J-01,-1.0989,-0.0783,-0.3912,2.5618,0.3799,1.9219,-2.3394,0.4432,-1.1217,0.0102,2.8704,0.2006,1.0499,0.4392,1.3119,-0.2916,0.9104,-0.4384,-0.2152,0.068,0.0021,-1.4295,-0.4172,-0.4396,1.4017,-0.6967,0.3989,0.468,-1.1131,-0.6816,-0.2083,0.6338
TCGA-AA-A02R-01,-0.6902,-1.6818,-0.0023,0.4393,0.0997,-0.6692,0.173,-0.134,-0.1041,-0.6605,-0.1793,-0.7709,-1.1004,-0.2655,-0.3763,0.8228,-3.4538,-2.3652,-0.6856,1.8009,-2.23,1.4593,-1.3645,-0.0756,0.2976,0.769,-0.984,0.0277,0.3887,-1.9275,1.2576,-1.1275
TCGA-AA-A02W-01,2.068,0.2947,-1.4073,1.0081,-1.1699,0.028,-0.8786,-0.2717,-0.2258,2.4786,1.6418,0.8312,1.1796,0.0201,0.6939,-0.6614,-0.5677,-0.0874,0.3099,-0.1855,-2.3201,-1.823,0.9612,-1.2065,-0.1286,-1.4874,-0.413,-0.3337,0.1216,-0.0001,0.3824,1.4858
TCGA-AY-4070-01,0.0795,-0.2802,0.4271,1.1644,-1.0209,3.4331,1.5097,-0.6768,0.5165,-1.4356,-0.0545,0.0765,0.8115,2.1184,1.4818,2.7264,-0.6282,0.0377,-2.1617,0.0569,-0.1522,-1.4811,1.7106,1.0894,0.0498,-0.0555,0.2135,1.5991,0.4157,-0.3273,1.4195,1.0993
TCGA-AY-4071-01,1.486,0.1464,0.3353,-1.092,0.8306,-0.1716,0.5148,-1.3717,1.6419,0.4752,-0.5282,1.0289,0.1667,-1.8506,-0.0034,2.0176,1.1149,0.8477,-1.5548,1.3156,-0.3213,1.2974,0.2735,0.7101,-2.5768,0.9673,1.9405,2.1623,0.2298,2.2585,-0.5472,1.5377
TCGA-AF-2689-01,0.0016,0.6772,0.4873,1.5909,1.1127,1.9742,0.5132,0.2852,-1.1142,-1.0519,0.5704,-0.7186,-0.4695,0.4569,1.1856,-1.0677,0.8841,-1.1601,0.0874,-1.1134,0.3853,-0.8681,-0.8055,-1.0156,-0.1201,-1.0133,0.1024,0.1754,-0.7382,-0.6824,-0.262,0.1156
TCGA-AF-2691-01,-0.4516,0.3559,-0.1179,3.3064,1.8192,1.0074,0.4703,-2.5501,-0.2247,1.1255,0.8048,-0.6688,1.4709,0.4234,1.3651,-0.6075,-0.3457,-0.0132,4.1557,0.4148,1.0702,0.4089,-1.1814,-0.9349,-1.283,1.0914,1.0304,1.4147,-0.0506,-0.9222,-1.9558,0.2459
TCGA-AF-2692-01,1.2474,-0.0282,2.6042,-0.0337,0.1791,0.1866,1.824,0.0444,-1.7809,0.3992,0.3767,-1.4073,-1.7547,-0.1377,0.5117,-0.9745,-1.0166,-0.2626,0.6355,1.6036,0.5767,-1.5052,2.486,-0.3733,0.7387,-1.074,0.5746,3.1549,0.6073,-0.6618,-0.1597,0.4113
TCGA-AF-3400-01,0.8414,-1.5603,3.3013,0.4852,0.556,-0.4421,0.9722,-0.5139,-0.4351,-0.9487,-1.2048,-1.061,-0.7154,-0.24,-2.4152,1.7356,1.3685,-0.7499,-0.069,-0.8587,1.5274,0.2324,-1.072,-0.1598,-1.2858,-0.2319,1.0704,0.9537,2.94,-1.3878,-1.4079,0.956
TCGA-AF-3913-01,0.4552,0.812,0.5534,0.1476,0.3577,0.3606,0.7936,0.1923,-0.1264,-0.8194,0.7376,-0.375,-0.4113,-0.4492,-0.3083,-0.5447,-0.1232,-0.441,0.3101,-0.2354,-2.6191,-1.3829,-0.6987,0.31,0.225,0.9226,0.2246,0.1763,0.3766,1.3191,-0.0595,-1.2254
TCGA-AG-3574-01,-0.1263,1.5827,0.5993,0.7818,-0.0589,0.3836,-0.1615,1.3575,-0.7124,-0.2002,-0.168,0.1438,0.8546,0.693,1.9208,-1.7516,0.7161,0.8855,-0.6596,-1.5708,-0.6153,-2.004,-1.4131,0.7341,-0.5572,0.1338,-0.1245,-0.2705,-0.3868,-0.043,0.0573,-0.205
TCGA-AG-3575-01,-1.6464,-0.6724,0.1681,3.1086,1.1993,1.7405,1.3014,-4.4814,-0.2294,1.4277,0.2022,-0.0179,0.5909,1.3742,-0.9337,0.5953,-1.3348,-0.4131,-0.3162,-0.5335,-0.802,-0.1317,-0.1788,-1.2366,0.1512,0.6147,1.0088,0.1304,1.0457,-0.7879,-1.4326,0.561
TCGA-AG-3578-01,-0.3896,1.7192,-1.0935,-0.0756,0.7754,-0.2873,0.6113,0.2847,-0.7859,0.9444,-0.5427,-1.1184,-1.8844,0.384,-0.7781,-0.3545,-0.5624,-0.0322,-0.2666,-0.4752,-0.6772,-0.3191,-0.556,-0.309,0.418,0.8967,1.2242,-0.4461,-0.8878,1.0208,-0.4405,-0.0243
TCGA-AG-3580-01,-0.0703,-0.2751,0.7645,1.2908,-0.125,1.8748,-0.4069,-1.5196,-1.2765,-0.8719,0.602,-0.6524,0.8411,1.8492,1.0212,-1.0877,1.3727,-0.3436,0.0719,-0.7322,-0.1108,-2.2696,0.0899,0.5518,0.4119,-0.2934,-0.4104,-1.1066,-1.4535,0.2322,-0.9877,0.4081
TCGA-AG-3581-01,-0.1548,0.3595,-0.5302,-0.9426,0.8942,-0.3337,-0.1779,-0.8227,1.1415,0.3707,-1.3498,1.1809,-0.9435,0.7976,0.4302,0.0122,-0.2927,0.6108,0.3211,-1.4692,0.4228,0.4417,-1.6659,0.087,-0.3994,-0.5724,1.7022,-0.9594,0.5143,-0.2218,-0.8084,0.0475
TCGA-AG-3582-01,-1.3485,0.0209,2.1324,3.4882,1.46,-0.2169,-0.2484,0.5327,-0.2528,2.1903,2.2894,-0.177,-0.0587,-1.572,1.592,-0.9579,0.5741,0.1753,1.3378,-0.7442,-0.4414,-0.3868,-0.0057,0.1827,-0.1043,-1.3369,-0.1063,-0.2663,-0.1285,-0.7063,-0.1168,0.4121
TCGA-AG-3583-01,-0.1817,1.6397,0.0217,0.8133,-0.2661,1.2535,0.35,-0.0713,-0.4508,-0.9016,-0.2973,-0.6742,-1.4005,0.4184,-0.0369,-1.3729,1.4157,-0.9051,1.2269,-0.5559,0.7132,0.8313,0.585,1.6773,0.5153,-0.3371,0.1393,-1.5336,-0.7725,2.1415,-0.1357,-0.5434
TCGA-AG-3584-01,-0.0977,0.2484,-0.551,2.1767,1.6739,0.6871,-0.0353,-0.3908,1.1072,-1.4727,0.6882,2.1865,0.9293,-0.7154,-0.067,0.1119,-0.0296,0.4519,-0.5573,-2.275,0.0249,-0.237,0.274,-1.9346,-0.3187,2.1502,0.0285,-1.6217,0.0145,-3.0194,0.7271,0.473
TCGA-AG-3586-01,0.0065,0.6425,-0.5259,2.3161,0.1286,-0.516,-2.033,-0.454,0.6647,0.8245,1.2437,-0.9746,-1.6923,1.386,1.0531,1.1756,-0.4656,0.4265,-0.5578,-0.3767,0.4909,-0.392,0.6934,1.939,0.5782,0.8191,-1.8044,0.2006,-0.9694,-0.1946,0.8099,0.5556
TCGA-AG-3587-01,-0.2096,1.4651,-1.4523,0.7978,0.7516,-0.2888,2.0265,0.0834,-0.2814,-0.1312,-0.0144,1.2824,-1.4195,-1.6878,-1.9786,-0.7304,0.3533,0.5312,1.0802,-2.6504,1.009,0.6331,-2.2616,-0.4192,0.1926,0.9367,1.2172,-1.1282,-0.257,-1.1118,-0.2279,-0.3832
TCGA-AG-3593-01,2.1854,-0.2841,-1.3819,-1.1659,-1.3743,0.8442,0.6616,1.1941,-1.894,-0.91,-1.5718,-1.2775,-0.7517,0.9826,0.6326,-0.7608,2.2636,-1.9854,0.0223,0.4971,-0.6427,0.2197,1.9213,1.426,-0.8459,0.2639,0.4679,-0.4897,-0.4515,-0.792,-1.2925,0.5992
TCGA-AG-3594-01,0.1409,0.542,-0.5558,-1.9495,0.2287,-0.4206,-1.2974,-2.6989,-0.06,0.3099,-0.3898,1.5131,1.1258,-0.2061,-0.8413,0.7023,-1.0893,1.1261,-0.1031,0.0059,1.3398,0.9518,-0.6391,-0.5212,-0.4242,0.2862,-0.5922,-0.154,-1.3174,-0.3232,-0.225,-0.8869
TCGA-AG-3598-01,-0.236,1.2082,-0.6292,0.5791,1.1837,1.0354,-0.1588,0.4209,-0.7134,-0.1964,2.2652,0.0225,-1.8077,-0.177,-0.9304,-0.1815,0.1632,0.1813,0.0031,-0.3333,-0.9424,-1.0169,0.545,1.5316,0.7302,0.6958,-3.0133,-1.8295,-1.0054,-0.4913,0.5065,-0.8859
TCGA-AG-3599-01,-0.8257,0.6996,-1.2716,1.2478,0.0836,-1.1022,1.0486,-1.096,0.1345,-0.3027,0.9249,-0.389,-0.1607,1.7994,0.3476,-1.29,0.0188,1.3148,-0.9383,-2.0396,0.8266,-1.0881,0.6,0.4342,-0.3281,-1.1931,-1.1343,0.5033,-0.5628,0.004,-0.3781,0.5254
TCGA-AG-3600-01,-0.9711,0.9225,-0.0669,3.4697,-0.9821,-0.5566,0.2069,-0.7162,-1.1082,-0.3224,-0.9645,-0.7325,0.9862,0.9164,-0.5686,-1.5341,0.0744,-1.0682,-1.6816,-1.8387,0.0732,1.046,1.4738,-1.1654,0.1252,-0.7472,1.8341,-0.1035,-0.2851,-1.5419,1.8462,1.3318
TCGA-AG-3601-01,-0.5904,0.6844,0.1764,2.2082,-0.4093,-0.0866,-0.0025,0.5507,-0.3418,-0.9299,0.3385,-1.0232,0.0587,-1.5097,-0.1647,-1.2731,-0.4508,-0.3812,-0.6961,-1.1451,-1.0391,0.7472,0.6231,2.8616,0.821,0.9124,0.6524,-0.4012,0.0914,1.6355,0.8425,-0.1656
TCGA-AG-3602-01,-0.0868,2.2558,-0.0769,-0.0577,1.9926,1.2676,-0.1615,0.7438,2.0478,-0.5281,0.0746,-1.5517,-2.2505,-0.0866,-0.5637,-1.0826,-0.7522,0.482,3.3552,-0.5505,0.3183,-1.1019,-0.372,-1.3285,-1.8332,-1.2018,-0.423,-1.7185,-0.2315,-1.7718,0.143,0.1146
TCGA-AG-3605-01,2.1706,0.6704,-0.5486,1.2653,-0.9149,0.9201,0.4613,1.5647,-0.2517,-0.8191,0.376,1.3509,-0.6244,-0.6317,-2.1688,0.9267,0.8997,-0.9928,-0.2204,-1.4969,-0.1586,-0.5835,-0.2108,0.7486,0.4825,-0.1271,-1.6632,-1.5437,-1.6488,0.102,0.4572,-1.0998
TCGA-AG-3608-01,0.0784,0.3262,-1.3829,0.263,0.0972,0.8328,-0.3698,0.3688,0.9116,0.4593,-0.9013,0.7593,-0.2575,-1.4612,0.0559,1.0696,1.1924,-0.5522,0.1561,0.3233,0.3044,0.303,1.2304,0.6176,0.718,1.0186,-1.2188,-1.7111,-0.1254,0.4176,0.3026,1.4494
TCGA-AG-3609-01,-0.5838,-1.9022,0.5741,-1.6338,-0.8032,0.8241,-0.9714,0.3095,0.1735,0.1564,0.9402,0.6487,0.5237,-0.4503,-1.1366,-0.3293,0.4693,1.1502,-1.7655,0.2181,-1.6991,0.0204,1.1859,0.6764,0.508,0.0437,1.1295,-0.8571,1.305,0.4044,0.8701,0.9906
TCGA-AG-3611-01,1.5771,2.1089,-2.4284,-0.7024,-2.5202,0.2035,-0.6497,-2.0439,0.4619,0.6065,-0.6289,1.3497,0.1117,-1.3267,-0.2076,0.0381,0.1741,-0.2009,3.2616,-0.0954,2.1709,0.2508,-0.5501,0.9094,-2.4069,-0.8711,1.7718,-0.4383,-1.6777,1.2384,-1.4311,-0.0701
TCGA-AG-3612-01,0.4964,0.2232,0.1739,1.8791,-0.6034,1.7994,-0.5765,0.7302,0.2368,0.0213,2.3713,-0.8848,0.273,-0.6421,-0.2358,-1.4571,-0.1674,0.9981,-1.1366,-1.0938,-1.4485,0.2639,0.8713,0.7649,0.5976,0.8625,0.626,-0.4846,0.7628,1.3801,0.7975,1.7346
TCGA-AG-3726-01,0.8941,-0.4117,0.2183,-0.9981,-0.1385,2.1993,-1.9906,0.2988,-1.4388,1.0117,1.7418,-0.4603,0.6474,0.9687,-0.087,0.239,0.3963,0.6184,-2.741,0.3177,-1.7477,-1.3196,0.7576,-1.2993,1.7848,0.4552,-0.7247,-1.402,0.0948,-0.2745,1.6241,0.4053
TCGA-AG-3727-01,-0.4428,0.5703,-0.4733,2.9718,-0.1818,0.9322,1.9687,-1.6295,-0.9351,-0.3282,0.7922,-0.9172,0.275,1.327,1.1745,-3.0694,1.0093,-1.4417,1.0844,0.7544,0.5035,0.2332,1.003,-0.1028,0.7999,-0.1096,0.1758,-0.9438,-0.017,-1.0112,-0.9456,0.7397
TCGA-AG-3728-01,-0.0171,0.8714,-0.2658,-0.1136,-0.5402,-1.4358,1.1678,0.2088,1.3238,0.8892,0.7001,-0.3304,0.6027,-0.6837,-1.4485,-1.0232,0.5218,0.1324,-0.757,-1.3978,0.0452,-0.7935,-0.1783,1.2123,-0.9947,0.0881,0.8617,-1.0704,1.3187,2.5486,-0.8926,1.0653
TCGA-AG-3878-01,-0.2393,0.261,-0.3241,-0.5196,0.0781,0.2271,-0.4138,1.3892,0.5154,-0.0053,0.5573,-0.3961,-1.2048,-0.2676,-0.6951,-0.4812,-0.249,0.586,-0.2537,-0.5248,0.7866,-0.5366,-0.2968,-1.9127,-1.2943,0.4978,0.4243,0.3043,1.2713,0.2273,-1.5363,0.5216
TCGA-AG-3881-01,0.2298,-1.2005,2.5963,1.3717,0.4759,1.1181,1.0608,-1.0877,-1.5815,-1.8267,0.8472,0.3203,-0.5414,0.3366,-1.5762,-0.7667,-0.5039,1.1472,-0.7895,-2.1099,0.573,-0.7858,-0.3391,-0.0754,-0.1116,-2.1541,0.6255,1.189,1.2876,1.4279,0.3745,0.2414
TCGA-AG-3882-01,1.4432,-0.4598,-0.6941,-0.3703,-0.8686,0.4713,0.3012,-0.366,0.7396,0.1462,-0.7465,1.3864,1.365,-1.1412,0.4697,-0.4763,1.038,0.7482,-0.2881,-0.0884,-1.9318,0.309,0.7731,0.8298,-0.1594,0.2466,0.8798,0.0667,0.194,0.8066,-0.4456,1.3324
TCGA-AG-3883-01,1.5776,-0.0316,1.3575,-0.7349,1.7757,0.9305,-0.2998,0.5984,0.6884,0.1285,-0.2809,1.2255,-0.8498,-0.4242,-1.3493,1.0213,-0.3217,-0.18,-1.5861,-1.2161,-0.8613,-1.3975,0.1491,1.1512,0.0778,-0.8027,-0.0952,-0.3461,0.4705,1.7237,1.3418,1.7656
TCGA-AG-3885-01,-0.0758,0.2407,-1.3115,0.2615,-1.5513,2.5172,-0.3348,-1.8532,0.0907,0.741,0.1659,-0.1403,1.0384,0.3463,-0.8395,-0.1118,0.6685,0.7342,1.0618,0.9942,0.0875,1.5881,0.713,-0.6705,0.1167,-0.6786,0.9383,-0.2562,-0.8129,-0.2976,-0.6858,-0.3987
TCGA-AG-3887-01,-0.8707,1.2626,0.2173,1.1494,-1.6112,-0.2406,-0.1281,0.3207,-1.225,0.6451,0.2694,-1.6301,-0.5584,-0.1292,0.0637,-0.7428,0.2578,-1.351,0.1506,-0.3305,0.382,-1.1071,0.5199,0.6303,1.0327,-0.6404,-2.9999,-0.6823,-1.1655,-1.8995,-0.2155,-0.6311
TCGA-AG-3890-01,0.2846,-0.6204,0.3876,-0.0697,0.4675,-1.3037,-0.1875,-0.8193,0.53,0.1915,0.1193,0.9417,1.0297,-0.6516,-1.1193,-1.4734,1.745,0.005,-0.8194,0.8954,0.8413,-0.3593,1.6905,0.2302,-1.6272,0.9677,-1.0653,0.6836,-0.1992,-0.4764,-1.143,0.8326
TCGA-AG-3892-01,-0.0763,1.2136,-0.0754,-0.3473,0.6306,0.9489,-1.2528,-0.4171,0.198,-0.3514,-0.5395,-0.753,-0.6414,0.9593,-0.2588,-0.2637,1.0849,-1.0165,-1.0406,-1.1535,0.5715,-1.3653,-0.3779,1.3794,-1.2899,-1.1917,0.555,0.1359,-1.3136,0.4193,-0.2221,0.7055
TCGA-AG-3893-01,-0.0242,0.5397,0.1461,-1.6143,0.0687,-1.2865,0.7624,-0.686,1.3791,0.6516,-0.5884,0.7394,0.5158,-0.5174,-0.6224,-0.9086,-0.3788,0.4277,-0.4083,0.4258,0.5603,0.7393,0.8482,0.2214,-2.3291,2.3326,1.699,0.4093,1.0258,0.2462,0.0435,0.3924
TCGA-AG-3894-01,-2.8998,1.4463,-0.9401,1.1974,0.3791,-1.1764,0.1502,-1.9607,-1.1563,0.3508,0.2118,-0.1455,0.4956,2.6074,1.9684,-0.147,-0.244,1.5298,-1.1691,-0.9835,-0.7608,-2.53,0.6715,1.3602,-0.9193,-0.615,-0.4656,-0.9002,0.0013,0.3814,0.5261,0.5058
TCGA-AG-3896-01,-1.7111,1.2701,-1.0776,0.4368,-1.4106,0.1421,-0.4164,-0.4156,0.0462,-0.3226,-0.143,-0.4194,-1.2736,-0.3929,-0.7343,-1.444,-0.557,0.376,-1.4659,-0.5214,0.6808,0.0643,0.208,0.4663,-0.2162,0.9546,0.0621,-0.7108,0,0.5297,-0.4674,0.2053
TCGA-AG-3898-01,0.6538,-0.0149,0.1277,0.4482,0.5505,0.94,0.1104,1.0886,-1.2516,-2.2894,0.4713,-0.9396,-0.4094,-0.6562,-0.6762,0.4651,-0.6649,0.1042,-1.0986,-0.7633,-2.3549,-1.1037,0.8231,0.1028,0.2351,-1.5387,-1.4126,-0.2292,0.2867,-0.2424,0.2917,0.2939
TCGA-AG-3901-01,0.6017,0.7678,1.0876,-1.055,0.409,-0.459,-1.0472,-0.03,-1.4427,0.0586,-1.394,-0.2026,-0.1725,0.2612,-0.6624,-0.0807,-0.7717,0.8226,-0.5177,0.18,1.4003,-0.0729,-0.2617,0.9673,-1.7845,-0.6108,-0.2154,0.8776,2.1177,0.196,-0.1647,1.077
TCGA-AG-3902-01,1.0532,-0.5854,-0.3002,0.629,-0.5069,0.6332,0.942,0.0979,0.2476,-0.4814,-0.3854,0.3103,1.0226,1.474,-0.9113,0.5497,-0.572,0.9154,-0.3797,0.0476,0.4444,0.6291,1.3537,-0.0621,-1.8048,0.6915,-0.4548,0.8281,-0.7394,-0.455,0.5972,-0.1195
TCGA-AG-3909-01,-0.8866,0.7023,-1.4961,-0.5885,2.2356,1.0501,-0.8267,-1.8197,0.6651,-0.232,1.9797,2.7716,-0.2382,-0.6408,0.594,0.2884,-0.5981,2.3396,0.1566,0.1649,0.595,0.9874,-0.6051,-0.1062,-1.5133,0.9409,1.5602,-0.1861,-0.0177,1.596,0.6459,-0.2741
TCGA-AG-3999-01,0.7065,0.7529,-0.8213,1.6254,-0.1951,0.7133,-0.7255,-1.4471,-0.3696,1.1738,0.0174,-0.2355,1.9849,1.5056,1.3353,-2.343,-0.5717,1.0981,-0.4649,0.2195,-0.8613,-2.2924,0.2084,-1.8555,-0.4327,-0.4137,1.1079,-1.258,0.0818,-0.8283,0.201,-0.1195
TCGA-AG-4001-01,1.322,0.8254,0.2911,-0.3913,0.1197,0.0483,-0.4228,-0.4847,-0.5069,-0.8638,1.3603,0.4348,0.2552,-1.3499,-2.1206,0.3184,0.187,-0.0493,-1.5207,0.5568,-2.1526,-1.7253,1.722,0.0517,-1.1913,0.13,0.0668,0.4519,0.7351,0.6887,0.357,0.6748
TCGA-AG-4005-01,1.6824,-0.0345,-0.9917,0.9596,-1.2625,-0.3363,1.604,-0.7891,-0.34,-0.3305,1.2816,0.0617,-1.0518,0.152,-1.1477,-1.3149,0.1697,0.2527,-2.6159,0.5548,-0.2831,0.3083,2.3912,0.9802,-0.7275,-0.532,-0.2961,0.4634,-0.2804,-1.5452,1.2903,0.121
TCGA-AG-4007-01,-0.7253,1.084,-0.4508,1.504,0.7707,0.5249,0.8986,-1.5959,0.3413,0.1904,1.1465,-0.0099,0.6968,-1.3104,-1.0004,-1.0511,1.7589,0.74,-1.3901,-0.9919,0.458,-1.0558,1.4405,2.3957,-0.3139,0.7382,1.2909,2.0064,0.0266,0.7209,0.7395,0.6979
TCGA-AG-4008-01,-0.1158,-0.4871,0.4622,-0.4367,0.467,-0.4628,-0.3004,-0.1209,-0.3593,0.6023,0.4999,-0.3012,0.2916,1.353,-0.0961,-0.5074,-1.4046,1.2799,-1.5233,-0.8808,0.5109,-0.0339,0.8989,-0.9727,0.1552,-0.422,-0.0283,0.7148,1.1635,-0.399,0.336,0.4414
TCGA-AG-4015-01,-1.0572,0.0414,-0.2751,-0.0652,-0.2512,-0.2166,0.3489,-0.739,-0.6277,-1.8023,0.8132,-0.5129,0.7822,1.0504,-0.6721,0.3357,-0.1627,0.4187,0.0149,-0.8582,-0.335,-0.4522,0.6432,-0.1161,-1.0401,-1.2895,0.8222,-0.353,-0.8785,0.4786,-0.09,-0.5706
TCGA-AG-A002-01,0.8667,-2.3535,2.0531,0.5746,0.0074,1.9357,0.5387,1.4854,-1.4531,0.2335,1.3184,-0.0005,1.1349,3.033,0.5208,-1.0674,1.012,1.2168,1.1697,1.4009,-2.6546,1.5695,0.7557,-2.4745,-1.3803,-3.2338,0.2875,0.5345,-0.7464,1.2351,0.2496,-1.3721
TCGA-AG-A008-01,-0.0944,0.3019,-1.4311,1.0475,-1.7185,-0.6573,-0.5781,-1.5979,-0.9918,1.1814,-1.2521,-1.1971,0.0631,0.5946,0.2955,-2.3344,0.8942,-0.8057,3.4812,1.5496,2.4187,0.835,-0.1553,-1.2011,-0.7571,-0.9238,-0.7522,-1.0263,-2.7491,-2.7268,0.185,-0.3356
TCGA-AG-A00C-01,1.0323,-0.757,-1.2192,0.267,-0.7366,0.5121,-0.9698,0.291,-0.5565,-0.0886,2.1189,-0.7638,-1.0071,0.1279,-0.4142,-1.5103,-0.1023,-0.422,0.2498,1.3752,-0.8647,0.6668,2.3981,-0.4997,0.5741,0.5226,1.0663,1.0711,-0.4211,-0.3734,0.4253,-1.4821
TCGA-AG-A00H-01,0.1047,-0.6257,0.0234,0.9551,-2.5507,-0.236,1.8897,-1.417,-1.7428,1.1439,0.5835,-1.7605,1.7579,1.9156,0.8711,-1.6411,2.2339,0.5379,0.095,0.4585,-0.448,0.0997,-0.6528,0.5181,-0.8037,-0.7667,-0.2312,1.8513,-0.5241,1.488,-0.1219,-0.8254
TCGA-AG-A00Y-01,0.4728,-0.4687,-1.4991,0.5047,-1.3269,-1.1634,2.1086,-1.3469,-0.8104,0.65,0.5896,-0.8399,1.7398,0.3399,0.0136,-2.9937,1.0204,0.9315,0.0708,0.9388,-0.2095,-0.0372,0.8752,-0.1195,-0.4765,-0.2254,0.1688,-0.3562,-0.66,-0.5555,0.2525,0.7594
TCGA-AG-A011-01,1.1547,0.7351,-0.512,3.2485,0.3116,0.5435,-3.6502,0.257,0.0179,2.1749,3.4102,1.3366,-0.1745,-0.7221,-0.8143,-1.5714,-0.6253,-0.573,1.3426,0.9665,0.8948,-0.768,-0.0758,-2.4761,-1.6357,1.4263,-1.4155,-1.1043,1.0752,-3.0515,-1.9674,0.3066
TCGA-AG-A014-01,0.6423,-1.729,-0.8264,1.117,0.2054,1.4379,-0.1822,-1.2395,0.2567,1.3853,1.1317,-1.2434,0.6589,2.1613,-0.9809,-1.3487,-0.0644,0.5848,1.0944,-0.3235,-3.2724,0.3492,1.7108,-0.6395,1.0907,-3.082,0.1577,0.0708,-0.8345,-1.0244,1.6974,-0.1917
TCGA-AG-A015-01,-0.3907,0.1766,-0.5638,-0.3533,-0.5219,-0.8352,0.2784,-1.1393,-0.8867,0.3894,0.4678,0.1972,0.6095,0.8521,0.1538,-0.9545,-0.6122,1.1676,0.5707,0.8098,1.414,0.8687,-0.0792,0.4245,-1.0441,-2.0485,-1.6158,-0.2255,-1.4881,1.1032,-0.1205,-0.6888
TCGA-AG-A016-01,0.249,-0.7698,-1.4519,2.3695,1.4378,2.3114,-0.5829,-0.7337,-0.4423,-1.2321,3.0716,0.4527,-0.0642,-0.1085,0.6349,-0.3103,-0.4561,-0.0581,1.7671,1.7242,-0.6419,1.4718,0.6993,1.089,0.9544,-0.2075,-0.9758,-1.0809,-1.4677,1.9207,1.1459,-1.3991
TCGA-AG-A01J-01,0.419,-0.1027,-0.8363,-0.2664,-2.1327,-1.1833,1.93,-0.5503,0.0844,0.2027,-0.5945,-0.947,0.9586,-0.8611,0.308,-0.3552,1.0261,2.0535,-0.9752,-0.9441,0.2496,1.4849,0.6224,-0.0505,-0.974,0.8581,0.5883,0.0924,-0.1391,-0.3734,0.402,-0.4216
TCGA-AG-A01L-01,0.9561,0.3797,-2.5141,0.6235,-0.1275,-0.1316,-0.1249,-1.7939,0.3887,0.1946,-0.0638,0.314,-0.3841,-0.2155,0.2422,0.9481,-0.2225,2.1696,0.7422,-0.4974,-0.4021,0.7439,-0.3404,-1.0261,-0.1002,-0.5591,0.6193,0.3685,-0.9032,0.3204,0.5675,-0.4148
TCGA-AG-A01N-01,0.7849,0.05,-1.1697,0.8423,1.1399,0.237,0.0638,1.6007,-0.6179,-0.3106,0.2362,0.3924,0.5154,-0.0428,0.626,-0.5506,0.27,0.3356,-0.8178,-1.4991,-1.3368,0.3866,0.3966,-1.4253,0.4456,-1.8297,-2.0111,-1.513,-0.0325,0.1053,1.7794,0.683
TCGA-AG-A023-01,0.1288,-0.6699,0.8856,0.6905,-0.0376,-0.5211,0.5159,-1.649,0.4954,1.4392,1.1547,0.2901,0.5019,-0.784,-0.1023,0.3981,1.2413,-0.1653,0.996,-0.1967,-0.0279,-0.4377,0.7064,-0.8774,-0.0175,0.4369,-2.1453,2.8558,1.0091,-1.4578,1.1125,0.7232
TCGA-AG-A025-01,0.8189,1.2602,-1.4744,1.1,-0.2068,-1.0615,1.1816,-0.8266,1.2825,1.9287,0.1472,-0.3873,0.5675,-0.258,0.7343,-0.1739,0.685,-2.1125,0.7302,0.2475,-0.2191,-2.2578,0.6023,0.5423,0.7606,1.092,-1.9605,0.5749,-0.521,0.1696,-1.5313,2.5676
TCGA-AG-A026-01,1.4207,0.0632,-0.2357,1.3657,0.3025,0.1834,0.9643,1.0375,-1.5419,0.5612,0.5957,0.2984,0.073,0.7194,2.4878,-1.5493,0.4088,0.8335,-0.323,0.5915,-0.5343,-0.152,0.5126,0.0832,-0.0434,-0.5563,1.8551,0.9624,0.821,-0.0974,0.5965,-0.3296
TCGA-AG-A02G-01,0.7564,0.0361,-0.3709,-1.1963,-1.9377,-0.4948,3.4873,-1.45,0.0407,1.0755,-0.7404,1.5469,0.7451,0.0404,2.8294,0.1668,1.1932,-1.4141,1.171,0.4148,-1.1509,-2.8266,0.9665,-0.0734,-0.455,1.2823,1.19,-0.719,-1.7404,0.21,0.0646,1.0874
TCGA-AG-A02X-01,-1.016,0.5837,0.089,-0.1331,0.3774,1.5826,-0.0512,-1.8926,-0.6983,0.4015,1.1512,0.8215,-0.5426,-0.0522,-0.0395,-0.6835,0.7088,-2.6471,0.5494,-0.1774,0.6811,0.189,-0.3293,0.5043,0.5777,-2.476,2.0619,2.1513,-1.4706,-0.4286,-2.9007,-1.744
TCGA-AG-A032-01,1.2424,0.3956,-0.8151,1.8156,-0.0257,-0.1224,-0.3587,0.3713,1.4918,2.0176,-0.6186,1.7231,1.8176,-0.0814,0.4826,0.4316,1.4771,1.0892,-0.7871,-0.0008,0.8016,0.8761,-0.6765,-0.6359,-0.3431,1.4245,0.6401,-0.3952,-0.4833,0.0658,0.6974,0.1643
